{"cameraMode":{"drawMode":0,"name":"Shaded","section":"Shading Mode"},"sceneLighting":true,"audioPlay":false,"sceneViewState":{"showFog":true,"showMaterialUpdate":true,"showSkybox":true,"showFlares":true,"showImageEffects":true,"showParticleSystems":true},"in2DMode":false,"pivot":{"x":4.563186168670654,"y":-99.4477310180664,"z":5.111260414123535},"rotation":{"x":-0.464484304189682,"y":-0.5355152487754822,"z":0.49919626116752627,"w":-0.49827805161476138},"size":152.55213928222657,"orthographic":false}